-- MySQL Script generated by MySQL Workbench
-- Mon Jan 22 03:20:20 2018
-- Model: New Model    Version: 1.0
-- MySQL Workbench Forward Engineering

SET @OLD_UNIQUE_CHECKS=@@UNIQUE_CHECKS, UNIQUE_CHECKS=0;
SET @OLD_FOREIGN_KEY_CHECKS=@@FOREIGN_KEY_CHECKS, FOREIGN_KEY_CHECKS=0;
SET @OLD_SQL_MODE=@@SQL_MODE, SQL_MODE='TRADITIONAL,ALLOW_INVALID_DATES';

-- -----------------------------------------------------
-- Schema filmratingdb
-- -----------------------------------------------------
-- Схема для проекта Кинорейтинг. Имеем таблицу с информацией о фильмах, таблицу актеров, стран, жанров фильмов и пользователей. Также есть таблица film_actor, в которой хранится информация о том, в каком фильме играют какие актеры и таблица film_genre, где хранятся жанры фильмов. И есть таблица review, где хранятся отзывы и оценки пользователей к фильму

-- -----------------------------------------------------
-- Schema filmratingdb
--
-- Схема для проекта Кинорейтинг. Имеем таблицу с информацией о фильмах, таблицу актеров, стран, жанров фильмов и пользователей. Также есть таблица film_actor, в которой хранится информация о том, в каком фильме играют какие актеры и таблица film_genre, где хранятся жанры фильмов. И есть таблица review, где хранятся отзывы и оценки пользователей к фильму
-- -----------------------------------------------------
CREATE SCHEMA IF NOT EXISTS `filmratingdb` DEFAULT CHARACTER SET utf8 ;
USE `filmratingdb` ;

-- -----------------------------------------------------
-- Table `filmratingdb`.`country`
-- -----------------------------------------------------
DROP TABLE IF EXISTS `filmratingdb`.`country` ;

CREATE TABLE IF NOT EXISTS `filmratingdb`.`country` (
  `country_id` INT NOT NULL AUTO_INCREMENT COMMENT 'Идентификатор страны',
  `country_name` VARCHAR(45) NOT NULL COMMENT 'Название страны',
  PRIMARY KEY (`country_id`),
  UNIQUE INDEX `country_name_UNIQUE` (`country_name` ASC),
  UNIQUE INDEX `country_id_UNIQUE` (`country_id` ASC))
ENGINE = InnoDB;


-- -----------------------------------------------------
-- Table `filmratingdb`.`film`
-- -----------------------------------------------------
DROP TABLE IF EXISTS `filmratingdb`.`film` ;

CREATE TABLE IF NOT EXISTS `filmratingdb`.`film` (
  `film_id` INT NOT NULL AUTO_INCREMENT COMMENT 'Идентификатор фильма',
  `film_title` VARCHAR(45) NOT NULL COMMENT 'Название фильма',
  `film_country` INT NULL COMMENT 'Страна создания фильма',
  `film_description` TEXT(1000) NOT NULL COMMENT 'Описание сюжета фильма',
  `film_age_restriction` TINYINT(2) NULL DEFAULT 0 COMMENT 'Возрастное ограничение для фильма',
  `film_date_of_release` DATE NOT NULL,
  `film_poster_path` VARCHAR(50) NULL,
  PRIMARY KEY (`film_id`),
  INDEX `film_country_idx` (`film_country` ASC),
  UNIQUE INDEX `film_id_UNIQUE` (`film_id` ASC),
  CONSTRAINT `film_country`
    FOREIGN KEY (`film_country`)
    REFERENCES `filmratingdb`.`country` (`country_id`)
    ON DELETE NO ACTION
    ON UPDATE NO ACTION)
ENGINE = InnoDB;


-- -----------------------------------------------------
-- Table `filmratingdb`.`user`
-- -----------------------------------------------------
DROP TABLE IF EXISTS `filmratingdb`.`user` ;

CREATE TABLE IF NOT EXISTS `filmratingdb`.`user` (
  `id` INT NOT NULL AUTO_INCREMENT COMMENT 'Идентификатор пользователя',
  `username` VARCHAR(16) NOT NULL COMMENT 'Логин',
  `password` VARCHAR(32) NOT NULL COMMENT 'Пароль пользователя',
  `email` VARCHAR(255) NULL COMMENT 'Е-мэйл пользователя',
  `name` VARCHAR(20) NOT NULL COMMENT 'Имя пользователя',
  `lastname` VARCHAR(20) NOT NULL COMMENT 'Фамилия пользователя',
  `birthdate` DATE NULL COMMENT 'Дата рождения пользователя',
  `user_country` INT NOT NULL COMMENT 'Страна проживания пользователя',
  `user_rating` INT NULL DEFAULT 0 COMMENT 'Рейтинг пользователя среди других пользователей этого сайта',
  `isAdmin` TINYINT(1) NOT NULL DEFAULT 0 COMMENT 'Определяет, является ли пользователь админом. Равно 1, если  это админ и 0 в противном случае',
  `isBanned` TINYINT(1) NOT NULL DEFAULT 0 COMMENT 'Если пользователь забанен, то равно 1, в обратном случае 0',
  PRIMARY KEY (`id`, `username`),
  INDEX `country_idx` (`user_country` ASC),
  UNIQUE INDEX `username_UNIQUE` (`username` ASC),
  UNIQUE INDEX `email_UNIQUE` (`email` ASC),
  UNIQUE INDEX `id_UNIQUE` (`id` ASC),
  CONSTRAINT `country`
    FOREIGN KEY (`user_country`)
    REFERENCES `filmratingdb`.`country` (`country_id`)
    ON DELETE NO ACTION
    ON UPDATE NO ACTION)
ENGINE = InnoDB;


-- -----------------------------------------------------
-- Table `filmratingdb`.`review`
-- -----------------------------------------------------
DROP TABLE IF EXISTS `filmratingdb`.`review` ;

CREATE TABLE IF NOT EXISTS `filmratingdb`.`review` (
  `film_rvw_id` INT NOT NULL COMMENT 'Идентификатор фильма, к которому оставлен отзыв',
  `user_rvw_id` INT NOT NULL COMMENT 'Идентификатор пользователя, который оставил отзыв',
  `review_text` TEXT(1000) NOT NULL COMMENT 'Текст отзыва',
  `user_mark` INT(10) NOT NULL COMMENT 'Оценка пользователя фильму',
  PRIMARY KEY (`film_rvw_id`, `user_rvw_id`),
  INDEX `user_id_idx` (`user_rvw_id` ASC),
  CONSTRAINT `film_rvw_id`
    FOREIGN KEY (`film_rvw_id`)
    REFERENCES `filmratingdb`.`film` (`film_id`)
    ON DELETE NO ACTION
    ON UPDATE NO ACTION,
  CONSTRAINT `user_rvw_id`
    FOREIGN KEY (`user_rvw_id`)
    REFERENCES `filmratingdb`.`user` (`id`)
    ON DELETE NO ACTION
    ON UPDATE NO ACTION)
ENGINE = InnoDB;


-- -----------------------------------------------------
-- Table `filmratingdb`.`genre`
-- -----------------------------------------------------
DROP TABLE IF EXISTS `filmratingdb`.`genre` ;

CREATE TABLE IF NOT EXISTS `filmratingdb`.`genre` (
  `genre_id` INT NOT NULL AUTO_INCREMENT COMMENT 'Идентификатор жанра',
  `genre_name` VARCHAR(20) NOT NULL COMMENT 'Название жанра',
  PRIMARY KEY (`genre_id`),
  UNIQUE INDEX `genre_id_UNIQUE` (`genre_id` ASC),
  UNIQUE INDEX `genre_name_UNIQUE` (`genre_name` ASC))
ENGINE = InnoDB;


-- -----------------------------------------------------
-- Table `filmratingdb`.`actor`
-- -----------------------------------------------------
DROP TABLE IF EXISTS `filmratingdb`.`actor` ;

CREATE TABLE IF NOT EXISTS `filmratingdb`.`actor` (
  `actor_id` INT NOT NULL AUTO_INCREMENT COMMENT 'Идентификатор актера',
  `actor_name` VARCHAR(20) NOT NULL COMMENT 'Имя актера',
  `actor_surname` VARCHAR(20) NOT NULL COMMENT 'Фамилия актера',
  `actor_country` INT NULL DEFAULT NULL COMMENT 'Страна актера\n',
  `actor_image_path` VARCHAR(45) NULL,
  PRIMARY KEY (`actor_id`),
  INDEX `actor_country_idx` (`actor_country` ASC),
  UNIQUE INDEX `actor_id_UNIQUE` (`actor_id` ASC),
  UNIQUE INDEX `actor_image_path_UNIQUE` (`actor_image_path` ASC),
  CONSTRAINT `actor_country`
    FOREIGN KEY (`actor_country`)
    REFERENCES `filmratingdb`.`country` (`country_id`)
    ON DELETE NO ACTION
    ON UPDATE NO ACTION)
ENGINE = InnoDB;


-- -----------------------------------------------------
-- Table `filmratingdb`.`film_actor`
-- -----------------------------------------------------
DROP TABLE IF EXISTS `filmratingdb`.`film_actor` ;

CREATE TABLE IF NOT EXISTS `filmratingdb`.`film_actor` (
  `film_act_id` INT NOT NULL COMMENT 'Идентификатор фильма, которому соответствует актер c идентификатором actor_id',
  `actor_flm_id` INT NOT NULL COMMENT 'Идентификатор актера, который играет в фильме с идентификатором film_id',
  PRIMARY KEY (`film_act_id`, `actor_flm_id`),
  INDEX `actor_id_idx` (`actor_flm_id` ASC),
  CONSTRAINT `film_act_id`
    FOREIGN KEY (`film_act_id`)
    REFERENCES `filmratingdb`.`film` (`film_id`)
    ON DELETE NO ACTION
    ON UPDATE NO ACTION,
  CONSTRAINT `actor_flm_id`
    FOREIGN KEY (`actor_flm_id`)
    REFERENCES `filmratingdb`.`actor` (`actor_id`)
    ON DELETE NO ACTION
    ON UPDATE NO ACTION)
ENGINE = InnoDB;


-- -----------------------------------------------------
-- Table `filmratingdb`.`film_genre`
-- -----------------------------------------------------
DROP TABLE IF EXISTS `filmratingdb`.`film_genre` ;

CREATE TABLE IF NOT EXISTS `filmratingdb`.`film_genre` (
  `film_gnr_id` INT NOT NULL COMMENT 'Идентификатор фильма, которому соответствует жанр c идентификатором genre_id',
  `genre_flm_id` INT NOT NULL COMMENT 'Идентификатор жанра фильма film_id',
  PRIMARY KEY (`film_gnr_id`, `genre_flm_id`),
  INDEX `genre_id_idx` (`genre_flm_id` ASC),
  CONSTRAINT `film_gnr_id`
    FOREIGN KEY (`film_gnr_id`)
    REFERENCES `filmratingdb`.`film` (`film_id`)
    ON DELETE NO ACTION
    ON UPDATE NO ACTION,
  CONSTRAINT `genre_flm_id`
    FOREIGN KEY (`genre_flm_id`)
    REFERENCES `filmratingdb`.`genre` (`genre_id`)
    ON DELETE NO ACTION
    ON UPDATE NO ACTION)
ENGINE = InnoDB;


SET SQL_MODE=@OLD_SQL_MODE;
SET FOREIGN_KEY_CHECKS=@OLD_FOREIGN_KEY_CHECKS;
SET UNIQUE_CHECKS=@OLD_UNIQUE_CHECKS;

-- -----------------------------------------------------
-- Data for table `filmratingdb`.`country`
-- -----------------------------------------------------
START TRANSACTION;
USE `filmratingdb`;
INSERT INTO `filmratingdb`.`country` (`country_id`, `country_name`) VALUES (1, 'England');
INSERT INTO `filmratingdb`.`country` (`country_id`, `country_name`) VALUES (2, 'USA');
INSERT INTO `filmratingdb`.`country` (`country_id`, `country_name`) VALUES (3, 'Belarus');
INSERT INTO `filmratingdb`.`country` (`country_id`, `country_name`) VALUES (4, 'Russia');
INSERT INTO `filmratingdb`.`country` (`country_id`, `country_name`) VALUES (5, 'France');
INSERT INTO `filmratingdb`.`country` (`country_id`, `country_name`) VALUES (6, 'Italy');
INSERT INTO `filmratingdb`.`country` (`country_id`, `country_name`) VALUES (7, 'Canada');
INSERT INTO `filmratingdb`.`country` (`country_id`, `country_name`) VALUES (8, 'Australia');
INSERT INTO `filmratingdb`.`country` (`country_id`, `country_name`) VALUES (9, 'Austria');

COMMIT;


-- -----------------------------------------------------
-- Data for table `filmratingdb`.`film`
-- -----------------------------------------------------
START TRANSACTION;
USE `filmratingdb`;
INSERT INTO `filmratingdb`.`film` (`film_id`, `film_title`, `film_country`, `film_description`, `film_age_restriction`, `film_date_of_release`, `film_poster_path`) VALUES (1, 'Thor 3 : Ragnarok', 2, 'Imprisoned, the almighty Thor finds himself in a lethal gladiatorial contest against the Hulk, his former ally. Thor must fight for survival and race against time to prevent the all-powerful Hela from destroying his home and the Asgardian civilization.', 16, '2017-11-02', 'img/thor3.jpg');
INSERT INTO `filmratingdb`.`film` (`film_id`, `film_title`, `film_country`, `film_description`, `film_age_restriction`, `film_date_of_release`, `film_poster_path`) VALUES (2, 'Spider-Man: Homecoming', 2, 'Peter Parker balances his life as an ordinary high school student in Queens with his superhero alter-ego Spider-Man, and finds himself on the trail of a new menace prowling the skies of New York City.', 16, '2017-07-06', 'img/spider-man.jpg');
INSERT INTO `filmratingdb`.`film` (`film_id`, `film_title`, `film_country`, `film_description`, `film_age_restriction`, `film_date_of_release`, `film_poster_path`) VALUES (3, 'The Shawshank Redemption', 2, 'Two imprisoned men bond over a number of years, finding solace and eventual redemption through acts of common decency.', 16, '1994-10-14', 'img/shawshank.jpg');
INSERT INTO `filmratingdb`.`film` (`film_id`, `film_title`, `film_country`, `film_description`, `film_age_restriction`, `film_date_of_release`, `film_poster_path`) VALUES (4, 'Seven', 2, 'Two detectives, a rookie and a veteran, hunt a serial killer who uses the seven deadly sins as his motives.', 18, '1995-09-22', 'img/seven.jpg');
INSERT INTO `filmratingdb`.`film` (`film_id`, `film_title`, `film_country`, `film_description`, `film_age_restriction`, `film_date_of_release`, `film_poster_path`) VALUES (5, 'The Avengers', 2, 'Earth\'s mightiest heroes must come together and learn to fight as a team if they are going to stop the mischievous Loki and his alien army from enslaving humanity.', 12, '2012-05-03', 'img/avengers.jpg');
INSERT INTO `filmratingdb`.`film` (`film_id`, `film_title`, `film_country`, `film_description`, `film_age_restriction`, `film_date_of_release`, `film_poster_path`) VALUES (6, 'The Expendables', 2, 'A CIA operative hires a team of mercenaries to eliminate a Latin dictator and a renegade CIA agent.', 18, '2010-08-11', 'img/expendables.jpg');
INSERT INTO `filmratingdb`.`film` (`film_id`, `film_title`, `film_country`, `film_description`, `film_age_restriction`, `film_date_of_release`, `film_poster_path`) VALUES (7, 'Avengers: Infinity War', 2, 'The Avengers and their allies must be willing to sacrifice all in an attempt to defeat the powerful Thanos before his blitz of devastation and ruin puts an end to the universe.', 12, '2018-05-03', 'img/avenger_infinity_war.jpg');

COMMIT;


-- -----------------------------------------------------
-- Data for table `filmratingdb`.`user`
-- -----------------------------------------------------
START TRANSACTION;
USE `filmratingdb`;
INSERT INTO `filmratingdb`.`user` (`id`, `username`, `password`, `email`, `name`, `lastname`, `birthdate`, `user_country`, `user_rating`, `isAdmin`, `isBanned`) VALUES (1, 'kurty', '5f4dcc3b5aa765d61d8327deb882cf99', 'kurty872@gmail.com', 'Kurt', 'Cobein', '1967-02-20', 2, NULL, 0, 0);
INSERT INTO `filmratingdb`.`user` (`id`, `username`, `password`, `email`, `name`, `lastname`, `birthdate`, `user_country`, `user_rating`, `isAdmin`, `isBanned`) VALUES (2, 'coolman', '25d55ad283aa400af464c76d713c07ad', 'goodmail@gmail.com', 'Jack', 'Smith', '1988-03-30', 1, NULL, 0, 0);
INSERT INTO `filmratingdb`.`user` (`id`, `username`, `password`, `email`, `name`, `lastname`, `birthdate`, `user_country`, `user_rating`, `isAdmin`, `isBanned`) VALUES (3, 'baffa', 'f6cae8770df084aa2de88b5ae642ba9f', 'baffalo98@gmail.com', 'Ivan', 'Kustov', '1998-06-08', 3, NULL, 1, 0);
INSERT INTO `filmratingdb`.`user` (`id`, `username`, `password`, `email`, `name`, `lastname`, `birthdate`, `user_country`, `user_rating`, `isAdmin`, `isBanned`) VALUES (4, 'shygirl', 'a28b0117b2fd8b30f83ffa1d850c6902', 'shygirl42@gmail.com', 'Helen', 'Gomez', '1995-11-13', 1, NULL, 0, 0);
INSERT INTO `filmratingdb`.`user` (`id`, `username`, `password`, `email`, `name`, `lastname`, `birthdate`, `user_country`, `user_rating`, `isAdmin`, `isBanned`) VALUES (5, 'glueron', '8eeefaf98966cc01174f08f14e9c0453', 'glueron12@gmail.com', 'Ron', 'White', '1999-01-05', 8, NULL, 0, 1);
INSERT INTO `filmratingdb`.`user` (`id`, `username`, `password`, `email`, `name`, `lastname`, `birthdate`, `user_country`, `user_rating`, `isAdmin`, `isBanned`) VALUES (6, 'qwertyu', '7adfca2f2aba4cd301a02b9f33ca9037', 'qwertyui@gmail.com', 'Alex', 'Balw', '1997-12-12', 2, NULL, 0, 0);

COMMIT;


-- -----------------------------------------------------
-- Data for table `filmratingdb`.`review`
-- -----------------------------------------------------
START TRANSACTION;
USE `filmratingdb`;
INSERT INTO `filmratingdb`.`review` (`film_rvw_id`, `user_rvw_id`, `review_text`, `user_mark`) VALUES (1, 1, 'I don\'t know what s wrong with some people.This movie had nothing against Europeans or Europe culture/history.Cause if it had,then this wouldn\'t be approved by European critics.\n\nAnyway,this movie and the Logan are the grand jewels of comic book movies of this year.Logan was deep,emotional,brutal with intriguing story.Thor is pure epicness,filled with action and the comedy side fits perfectly to tone of the movie.From the trailer I thought Guardians of the Galaxy will have lots of cringe jokes and cheesy moments but they used the comedy perfectly.Same can be said for Thor 3 too.They managed to have an impact on the audience with sentimental stuffs,at the same time they made us laugh in right places. This movie has already gotten itself carved to my memory.A memorable movie for me.Just like dark knight,Logan and guardians of the galaxy 1.', 9);
INSERT INTO `filmratingdb`.`review` (`film_rvw_id`, `user_rvw_id`, `review_text`, `user_mark`) VALUES (1, 2, 'I know some people are worried about the humour on this movie.But they used it excellently in this flick.This movie to me,is at least on the same level with Guardians of the Galaxy 1.I mean both guardians and Thor 3 made me laugh but never felt cringe or sensed any forced jokes.There were also very intense and emotional moments in this Thor movie.The fight sequences were so damn epic.When it comes to action,this movie is close to Lord of the Rings 2.They did a good job on reflecting the epicness of the Ragnarok event. The last trailer of the movie got my attention.And I made one of the best decisions of my life by watching it.\n\nHela,Valkyrie,Hulk,Thor,Loki,Grandmaster they all did pretty good job.Especially Hela.She was so gorgeous and menacing at the same time. Tessa Thompson kinda surprised me with her great performance btw.', 8);
INSERT INTO `filmratingdb`.`review` (`film_rvw_id`, `user_rvw_id`, `review_text`, `user_mark`) VALUES (2, 2, 'This is definitely the best movie about Spider-Man. Marvel and Sony have finally got the character perfect both in and out of the suit. His link in the MCU just makes the movie that much better. Tom Holland is the best Spider-Man and Peter Parker and you can\'t even compare him to the previous 2. This movie is very fun and there are shocking plot twists to look forward to. It\'s definitely better than the original 2 Sam Raimi movies without a doubt. And be sure to stay to the very very end.', 9);
INSERT INTO `filmratingdb`.`review` (`film_rvw_id`, `user_rvw_id`, `review_text`, `user_mark`) VALUES (2, 3, 'This is what I was afraid of when Disney took over marvel,it should have been called Spider-Man,high school musical ,I know it,s comic-book movie ,but we came a long way to show that comics are not just for kids ,but this sets us back ,none of the characters are like they are in the comics ,Peter was a nerdy school kid but not like this ,flash was a big school bully ,but this flash is a wimp ,my grandmother could take him ,and aunt May is a hottie in this movie ,not the old caring aunt of the comics ,why ,why ,hope this is not a trend ,the suits sucks too.i know they are trying to hit a new up to date audience ,but really.good graphics and action but lame characters and story .guess I,m just getting old .', 7);
INSERT INTO `filmratingdb`.`review` (`film_rvw_id`, `user_rvw_id`, `review_text`, `user_mark`) VALUES (3, 1, 'Whenever I talk about this movie with my friends, I do not even refer to it by title, but rather as \"The Movie\". When I say \"The Movie\", my friends know exactly what I\'m talking about. In fact the main reason that me and my friends don\'t refer to it by title is because this movie is so great, that we do not feel worthy enough to say it\'s name in vain! I still remember the first time I saw The Shawshank Redemption. Some friends of mine and I went to see it at one of those \"Budget Theaters\" over the summer of 1995. None of us really knew anything about the movie, but we had heard that it was pretty good. So, not having any real expectations, we saw it. When the final credits rolled and the lights came on in the theater, all of us just sat there with our jaws hanging down on the floor. I turned my head towards my friend Bob and said \"That was the greatest movie I have ever seen in my entire life!\" There\'s really no other way I can put it in words. Every moment of this movie captivated me and inspired me to believe in the one true thing in life...... \"HOPE\". This movie is sad, uplifting, inspiring, harsh, cold, funny (at the right times), jaw-dropping, and heart-warming all at the same time. I get chills every time I watch this film and this film contains the greatest ending (which takes place over the last 30 minutes or so)in movie history! How it all just \"comes together\" is so incredible and uplifting. I should also mention the music in this movie is nearly flawless as well, and the soundtrack is a \"must buy\" for any music fan. The only bad thing about this movie is the fact that I know I will never see a better movie, no matter how many I may see. I\'ve seen many movies over the past few years, many excellent films. However, every time I walk out of the theater, I turn to my friend or family member that I saw it with and I say, \"That was a great movie, but it wasn\'t nearly as good as \'you know what\'!\" There have been many movies over the past few years that thought would really move me or that I might one day call my \"favorite of all time\", but they\'ve all fallen far short of \"The Shawshank Redemption\". So, if you have yet to see this movie, please run to the video store immediately. You\'re guaranteed to find it in the \"employee picks\" section. And if it isn\'t in that section, then you should tell the employees there that there is something seriously wrong with them. If you have seen this movie, go see it again. If you haven\'t bought your own copy yet, buy one. In fact buy two, and put one in a fire-proof safe, just in case of an emergency. :o) So, you want a 1-10 rating??? I give it a 13!!!!!!', 8);
INSERT INTO `filmratingdb`.`review` (`film_rvw_id`, `user_rvw_id`, `review_text`, `user_mark`) VALUES (3, 4, 'Why do I want to write the 234th comment on The Shawshank Redemption? I am not sure - almost everything that could be possibly said about it has been said. But like so many other people who wrote comments, I was and am profoundly moved by this simple and eloquent depiction of hope and friendship and redemption. \n\nThe only other movie I have ever seen that effects me as strongly is To Kill a Mockingbird. Both movies leave me feeling cleaner for having watched them.\n\nI didn\'t intend to see this movie at all: I do not like prison movies and I don\'t normally watch them. I work at a branch library and one day as I was checking The Shawshank Redemption out to one of our older patrons, she said to me, \"Whenever I feel down or depressed, I check out this movie and watch it and it always makes me feel better.\" At the time, I thought that was very strange. One day there was nothing on TV except things I absolutely would not watch under any circumstance or things that I had seen too many times already. I remembered what she said, so I watched it. I have watched it many many times since then and it gets better with every showing.\n\nNo action, no special effects - just men in prison uniforms talking to each other.\n\nThe Shawshank Redemption and To Kill a Mockingbird are the best movies I have ever seen. I do not judge it by it\'s technical merits - I don\'t really care about that. I have read that Citizen Kane or The Godfather or this or that movie is the best movie ever made. They may have the best technique or be the most influential motion pictures ever made, but not the best. The best movies are ones that touch the soul. It takes a movie like The Shawshank Redemption to touch the soul.', 10);
INSERT INTO `filmratingdb`.`review` (`film_rvw_id`, `user_rvw_id`, `review_text`, `user_mark`) VALUES (3, 2, 'I have never seen such an amazing film since I saw The Shawshank Redemption. Shawshank encompasses friendships, hardships, hopes, and dreams. And what is so great about the movie is that it moves you, it gives you hope. Even though the circumstances between the characters and the viewers are quite different, you don\'t feel that far removed from what the characters are going through.\n\nIt is a simple film, yet it has an everlasting message. Frank Darabont didn\'t need to put any kind of outlandish special effects to get us to love this film, the narration and the acting does that for him. Why this movie didn\'t win all seven Oscars is beyond me, but don\'t let that sway you to not see this film, let its ranking on the IMDb\'s top 250 list sway you, let your friends recommendation about the movie sway you.\n\nSet aside a little over two hours tonight and rent this movie. You will finally understand what everyone is talking about and you will understand why this is my all time favorite movie.', 9);
INSERT INTO `filmratingdb`.`review` (`film_rvw_id`, `user_rvw_id`, `review_text`, `user_mark`) VALUES (4, 3, 'David Fincher\'s bleak, relentless, and ultimately terrifying crime thriller Seven transcends other films of the genre with incredible plotting (the sort Hitchcock might employ were he alive and making films in the 1990s) and scalding intelligence. With only a small handful of minor flaws -- the overly familiar retiring cop/young cop pairing; the awful \"I\'m taking you off the case!\" cliche seemingly required by the genre; one giant lapse in logic in the downward spiral toward the conclusion that cannot be revealed without ruining the script\'s gruesome surprise -- Seven typically keeps its viewers imprisoned in their seats with a combination of morbid fascination and abject fear. Despite attempts by studio executives to alter Andrew Kevin Walker\'s ending, the filmmaking team prevailed and audiences experienced that rare treat of mainstream cinema: an uncompromising vision.', 8);
INSERT INTO `filmratingdb`.`review` (`film_rvw_id`, `user_rvw_id`, `review_text`, `user_mark`) VALUES (4, 1, 'A stand out film dealing with a particularly unpleasant Serial Killer, \"Se7en\" (along with \"Silence of the Lambs\"), is something of a milestone in this genre. An intelligent script, and admirable actors including the excellent Morgan Freeman, Prad Pitt, Gwenth Paltrow and Kevin Spacey, with a cinema noir style, and very grisly murders representing the Seven Deadly Sins. It is the performances however that lifts this movie above the average, Morgan Freeman as the older world wise detective, Pitt almost manic as his young enthusiastic sidekick, Poltrow plays the wife with a fine degree of sensitivity, and Spacey does his usual brilliant psycho routine. There is a pivotal scene with Freeman and Paltrow in a café which shows the depth of performances here. They are believable characters in a dark disturbing world wherein it always seems to be raining. An effective thriller with tight direction and atmospheric photography.', 9);
INSERT INTO `filmratingdb`.`review` (`film_rvw_id`, `user_rvw_id`, `review_text`, `user_mark`) VALUES (5, 4, '\'Avengers Assemble\' (\'The Avengers\') is a truly enjoyable superhero film that lives up to its hype and creates a story that allows for four of the greatest superheroes to connect in this mega-blockbuster extravaganza. Joss Whedon has created one of the most action-packed Marvel films to have graced the screen, full of humour, thrills and a great cast of characters, all of which impel this visual effects-driven spectacle. Whilst I had the great opportunity to watch this epic in the cinema in 3D, the film is equally as stunning on an average television set, with the final battle between the Avengers and Loki\'s army being one of the most spectacular scenes in a superhero movie. An impressive and remarkable fantastical superhero flick from Whedon', 10);
INSERT INTO `filmratingdb`.`review` (`film_rvw_id`, `user_rvw_id`, `review_text`, `user_mark`) VALUES (5, 1, 'I have got to tell anyone who will listen that this is one of THE best adventure movies I\'ve ever seen. It\'s almost impossible to convey how pumped I am now that I\'ve seen it. I purposefully avoid hyping myself for movies because when expectations are too high, nothing seems to be able to reach them. I usually avoid the hype train whenever possible. That said, I was jacked to see this movie and was fully aboard the hype train. It couldn\'t be helped. So, I was certainly open to intense disappointment had this movie not been good. I\'m so happy to report just the opposite has happened.\n\nThe only word I can think of to describe this movie is AWESOME. It\'s amazing work and everything I had hoped for and more. It\'s exceptional entertainment for the uninitiated but it has everything a fanboy could want to be sure. It has every little nuance of what a fanboy wants to see. One of the MANY things I loved was the tension and flat out conflict that arises between team members. It\'s not a two dimensional \"team wonderful that bands together to fight crime ho ho ho.\" Most don\'t like each other at fist and there is so much texture to be played. That is great because so many of these characters are larger than life. They have egos and the big guns aren\'t used to working with other people or even playing by the rules. Stark, Thor and Banner all work \"the other side of the fence\" so to speak. Then there\'s the Widow, Hawkeye and Captain America who are used to following orders and playing within a command structure. They are all thrown together in a wonderful and, best of all, believable fashion. Again, more than I ever dreamed possible.\n\nThe entire cast really delivered. You needed more than just action actors or stunt doubles to play all these parts. The pathos is there but so are the timing and true deep performances. Look, I was missing Ed Norton as much as anyone on that hype train I talked about but I\'m so happy to say that Mark Ruffalo won me over. I hope he\'s locked up for the long haul because we don\'t need any more changes. Three was the lucky number for movie Banners. Every other actor in Avnegers that we\'ve seen before is BETTER than their previous incarnation (EVERY single one) with the possible exception of RDJ as Stark. He\'s great but it\'s hard to top his take on the character from the original Iron Man in an ensemble movie. I also have to fully disclose that I\'m insanely attracted to Scarlett Johansson. I thought her Widow character was amazing but I\'m definitely judging that through rose colored glasses. The character arcs that run there course during this film will surprise a lot of general audiences expecting nothing more than a Transformers type popcorn scarfdown.\n\nI honestly don\'t want to give away ANY of the movie with this review because this is one film that needs every scene to be savored. Do yourself a favor and remain unspoiled. It\'s how I saw the movie (apart from what the trailers showed) and even though you\'re obviously reading this review, read no others with any kind of spoilers whatsoever. Experience the awesomeness for yourself. Avengers as a movie and as a team on screen is an unstoppable force. I\'m just going to say, Hulk & Thor combination equals AWESOME and leave it at that. This movie defines MUST SEE.', 7);
INSERT INTO `filmratingdb`.`review` (`film_rvw_id`, `user_rvw_id`, `review_text`, `user_mark`) VALUES (5, 2, 'I was lucky enough to be included in the group to see the advanced screening in Melbourne on the 15th of April, 2012. And, firstly, I need to say a big thank-you to Disney and Marvel Studios.\n\nNow, the film... how can I even begin to explain how I feel about this film? It is, as the title of this review says a \'comic book triumph\'. I went into the film with very, very high expectations and I was not disappointed.\n\nSeeing Joss Whedon\'s direction and envisioning of the film come to life on the big screen is perfect. The script is amazingly detailed and laced with sharp wit a humor. The special effects are literally mind-blowing and the action scenes are both hard-hitting and beautifully choreographed.\n\nWhile all of these things (script, action, special effects and so on and so forth) are important... it\'s no good having them spot on if you don\'t have a cast that just isn\'t right. But fortunately, for fans and for the actors involved, Whedon\'s cast not only work brilliantly together but are perfectly comfortable wailing on each other and threatening each other all day and night.\n\nThe actors\' performances in \"Marvel\'s The Avengers\" are simply captivating and there are many instances where we get a glimpse further into their characters pasts and innermost feelings. Robert Downey Jr. will have you in stitches. Scarlett Johansson will have you staring in disbelief as she winds her way through sticky situations. And Tom Hiddleston will have you simply shaking in your seat with fear.\n\nAll in all, Marvel\'s The Avengers is a visual delight and I cannot wait to see it again, and again, and again. Marvel fans will not be disappointed, and something tells me that most of you will agree with me wholeheartedly.\n\nThe Avengers, assembled and awe-inspiring. Ten out of ten.', 8);
INSERT INTO `filmratingdb`.`review` (`film_rvw_id`, `user_rvw_id`, `review_text`, `user_mark`) VALUES (6, 3, 'Wow.. this movie was very good. I have been looking forward to this movie for over a year and it did not disappoint me. Yes the story is not the best. But that\'s OK because you don\'t need a \'very\' good story line as long as the movie is entertaining as hell. The acting could have been better but its still good acting. This movie has action, funny moments,intense moments, insane violence just anything you want in an action movie! Most Critics are giving this film negative reviews on but this movie is mostly for the fans. Bottom line very good action packed action movie thats brings back the memories of the 80\'s. Stallone, Statham, Li, Couture, Crews, Lundgren, Austin, Willis, Schwarzenegger, Rourke, the gang is here!\n\nVery nice work Stallone!', 10);
INSERT INTO `filmratingdb`.`review` (`film_rvw_id`, `user_rvw_id`, `review_text`, `user_mark`) VALUES (2, 5, 'That was really bad film, don\'t try to watch it!', 2);
INSERT INTO `filmratingdb`.`review` (`film_rvw_id`, `user_rvw_id`, `review_text`, `user_mark`) VALUES (5, 5, 'Don\'t like Marvel, so this film didn\'t impress me', 3);

COMMIT;


-- -----------------------------------------------------
-- Data for table `filmratingdb`.`genre`
-- -----------------------------------------------------
START TRANSACTION;
USE `filmratingdb`;
INSERT INTO `filmratingdb`.`genre` (`genre_id`, `genre_name`) VALUES (1, 'Comedy');
INSERT INTO `filmratingdb`.`genre` (`genre_id`, `genre_name`) VALUES (2, 'Fantastic film');
INSERT INTO `filmratingdb`.`genre` (`genre_id`, `genre_name`) VALUES (3, 'Drama');
INSERT INTO `filmratingdb`.`genre` (`genre_id`, `genre_name`) VALUES (4, 'Criminal');
INSERT INTO `filmratingdb`.`genre` (`genre_id`, `genre_name`) VALUES (5, 'Adventure');
INSERT INTO `filmratingdb`.`genre` (`genre_id`, `genre_name`) VALUES (6, 'Action');

COMMIT;


-- -----------------------------------------------------
-- Data for table `filmratingdb`.`actor`
-- -----------------------------------------------------
START TRANSACTION;
USE `filmratingdb`;
INSERT INTO `filmratingdb`.`actor` (`actor_id`, `actor_name`, `actor_surname`, `actor_country`, `actor_image_path`) VALUES (1, 'Jason', 'Statham', 1, '/img/actors/statham.jpg');
INSERT INTO `filmratingdb`.`actor` (`actor_id`, `actor_name`, `actor_surname`, `actor_country`, `actor_image_path`) VALUES (2, 'Brad', 'Pitt', 2, '/img/actors/pitt.jpg');
INSERT INTO `filmratingdb`.`actor` (`actor_id`, `actor_name`, `actor_surname`, `actor_country`, `actor_image_path`) VALUES (3, 'Jim', 'Carry', 2, '/img/actors/carry.jpg');
INSERT INTO `filmratingdb`.`actor` (`actor_id`, `actor_name`, `actor_surname`, `actor_country`, `actor_image_path`) VALUES (4, 'Sergey', 'Bezrukov', 4, '/img/actors/bezrukov.jpg');
INSERT INTO `filmratingdb`.`actor` (`actor_id`, `actor_name`, `actor_surname`, `actor_country`, `actor_image_path`) VALUES (5, 'Gerard', 'Depardieu', 5, '/img/actors/depardieu.jpg');
INSERT INTO `filmratingdb`.`actor` (`actor_id`, `actor_name`, `actor_surname`, `actor_country`, `actor_image_path`) VALUES (6, 'Adriano', 'Celentano', 6, '/img/actors/celentano.jpg');
INSERT INTO `filmratingdb`.`actor` (`actor_id`, `actor_name`, `actor_surname`, `actor_country`, `actor_image_path`) VALUES (7, 'Scarlett', 'Johansson', 2, '/img/actors/johansson.jpeg');
INSERT INTO `filmratingdb`.`actor` (`actor_id`, `actor_name`, `actor_surname`, `actor_country`, `actor_image_path`) VALUES (8, 'Arnold', 'Schwarzenegger', 9, '/img/actors/schwarzenegger.jpg');
INSERT INTO `filmratingdb`.`actor` (`actor_id`, `actor_name`, `actor_surname`, `actor_country`, `actor_image_path`) VALUES (9, 'Sylvester', 'Stallone', 2, '/img/actors/stallone.jpg');
INSERT INTO `filmratingdb`.`actor` (`actor_id`, `actor_name`, `actor_surname`, `actor_country`, `actor_image_path`) VALUES (10, 'Benedict', 'Cumberbatch', NULL, '/img/actors/cumberbatch.jpg');
INSERT INTO `filmratingdb`.`actor` (`actor_id`, `actor_name`, `actor_surname`, `actor_country`, `actor_image_path`) VALUES (11, 'Ryan', 'Reynolds', 7, '/img/actors/reynolds.jpg');
INSERT INTO `filmratingdb`.`actor` (`actor_id`, `actor_name`, `actor_surname`, `actor_country`, `actor_image_path`) VALUES (12, 'Chris', 'Hemsworth', 8, '/img/actors/hemsworth.jpg');
INSERT INTO `filmratingdb`.`actor` (`actor_id`, `actor_name`, `actor_surname`, `actor_country`, `actor_image_path`) VALUES (13, 'Tom', 'Hiddleston', 1, '/img/actors/hiddleston.png');
INSERT INTO `filmratingdb`.`actor` (`actor_id`, `actor_name`, `actor_surname`, `actor_country`, `actor_image_path`) VALUES (14, 'Robert', 'Downey Jr.', 2, '/img/actors/downey.jpg');
INSERT INTO `filmratingdb`.`actor` (`actor_id`, `actor_name`, `actor_surname`, `actor_country`, `actor_image_path`) VALUES (15, 'Tom', 'Holland', 1, '/img/actors/holland.jpg');
INSERT INTO `filmratingdb`.`actor` (`actor_id`, `actor_name`, `actor_surname`, `actor_country`, `actor_image_path`) VALUES (16, 'Tim', 'Robbins', 1, '/img/actors/robbins.jpg');
INSERT INTO `filmratingdb`.`actor` (`actor_id`, `actor_name`, `actor_surname`, `actor_country`, `actor_image_path`) VALUES (17, 'Morgan', 'Freeman', 2, '/img/actors/freeman.jpg');
INSERT INTO `filmratingdb`.`actor` (`actor_id`, `actor_name`, `actor_surname`, `actor_country`, `actor_image_path`) VALUES (18, 'Michael', 'Keaton', 2, '/img/actors/keaton.jpg');

COMMIT;


-- -----------------------------------------------------
-- Data for table `filmratingdb`.`film_actor`
-- -----------------------------------------------------
START TRANSACTION;
USE `filmratingdb`;
INSERT INTO `filmratingdb`.`film_actor` (`film_act_id`, `actor_flm_id`) VALUES (1, 12);
INSERT INTO `filmratingdb`.`film_actor` (`film_act_id`, `actor_flm_id`) VALUES (1, 13);
INSERT INTO `filmratingdb`.`film_actor` (`film_act_id`, `actor_flm_id`) VALUES (2, 14);
INSERT INTO `filmratingdb`.`film_actor` (`film_act_id`, `actor_flm_id`) VALUES (2, 15);
INSERT INTO `filmratingdb`.`film_actor` (`film_act_id`, `actor_flm_id`) VALUES (2, 18);
INSERT INTO `filmratingdb`.`film_actor` (`film_act_id`, `actor_flm_id`) VALUES (3, 17);
INSERT INTO `filmratingdb`.`film_actor` (`film_act_id`, `actor_flm_id`) VALUES (3, 16);
INSERT INTO `filmratingdb`.`film_actor` (`film_act_id`, `actor_flm_id`) VALUES (4, 2);
INSERT INTO `filmratingdb`.`film_actor` (`film_act_id`, `actor_flm_id`) VALUES (4, 17);
INSERT INTO `filmratingdb`.`film_actor` (`film_act_id`, `actor_flm_id`) VALUES (5, 7);
INSERT INTO `filmratingdb`.`film_actor` (`film_act_id`, `actor_flm_id`) VALUES (5, 12);
INSERT INTO `filmratingdb`.`film_actor` (`film_act_id`, `actor_flm_id`) VALUES (5, 14);
INSERT INTO `filmratingdb`.`film_actor` (`film_act_id`, `actor_flm_id`) VALUES (1, 10);
INSERT INTO `filmratingdb`.`film_actor` (`film_act_id`, `actor_flm_id`) VALUES (6, 1);
INSERT INTO `filmratingdb`.`film_actor` (`film_act_id`, `actor_flm_id`) VALUES (6, 8);
INSERT INTO `filmratingdb`.`film_actor` (`film_act_id`, `actor_flm_id`) VALUES (6, 9);
INSERT INTO `filmratingdb`.`film_actor` (`film_act_id`, `actor_flm_id`) VALUES (7, 14);
INSERT INTO `filmratingdb`.`film_actor` (`film_act_id`, `actor_flm_id`) VALUES (7, 12);
INSERT INTO `filmratingdb`.`film_actor` (`film_act_id`, `actor_flm_id`) VALUES (7, 7);
INSERT INTO `filmratingdb`.`film_actor` (`film_act_id`, `actor_flm_id`) VALUES (7, 10);
INSERT INTO `filmratingdb`.`film_actor` (`film_act_id`, `actor_flm_id`) VALUES (7, 15);
INSERT INTO `filmratingdb`.`film_actor` (`film_act_id`, `actor_flm_id`) VALUES (7, 13);

COMMIT;


-- -----------------------------------------------------
-- Data for table `filmratingdb`.`film_genre`
-- -----------------------------------------------------
START TRANSACTION;
USE `filmratingdb`;
INSERT INTO `filmratingdb`.`film_genre` (`film_gnr_id`, `genre_flm_id`) VALUES (1, 1);
INSERT INTO `filmratingdb`.`film_genre` (`film_gnr_id`, `genre_flm_id`) VALUES (1, 5);
INSERT INTO `filmratingdb`.`film_genre` (`film_gnr_id`, `genre_flm_id`) VALUES (2, 5);
INSERT INTO `filmratingdb`.`film_genre` (`film_gnr_id`, `genre_flm_id`) VALUES (2, 6);
INSERT INTO `filmratingdb`.`film_genre` (`film_gnr_id`, `genre_flm_id`) VALUES (3, 3);
INSERT INTO `filmratingdb`.`film_genre` (`film_gnr_id`, `genre_flm_id`) VALUES (3, 4);
INSERT INTO `filmratingdb`.`film_genre` (`film_gnr_id`, `genre_flm_id`) VALUES (4, 4);
INSERT INTO `filmratingdb`.`film_genre` (`film_gnr_id`, `genre_flm_id`) VALUES (4, 3);
INSERT INTO `filmratingdb`.`film_genre` (`film_gnr_id`, `genre_flm_id`) VALUES (5, 6);
INSERT INTO `filmratingdb`.`film_genre` (`film_gnr_id`, `genre_flm_id`) VALUES (5, 5);
INSERT INTO `filmratingdb`.`film_genre` (`film_gnr_id`, `genre_flm_id`) VALUES (6, 5);
INSERT INTO `filmratingdb`.`film_genre` (`film_gnr_id`, `genre_flm_id`) VALUES (6, 6);
INSERT INTO `filmratingdb`.`film_genre` (`film_gnr_id`, `genre_flm_id`) VALUES (7, 2);
INSERT INTO `filmratingdb`.`film_genre` (`film_gnr_id`, `genre_flm_id`) VALUES (7, 5);
INSERT INTO `filmratingdb`.`film_genre` (`film_gnr_id`, `genre_flm_id`) VALUES (7, 6);

COMMIT;

